adolescent_girl,anganwadi_centers,anganwadi_helpers,anganwadi_workers,district_id,districts,eligible_beneficiaries,month,project,sector,state_id,states_uts,year
,1399890.0,1156888.0,1331622,0,781,98874477,12,7202,52769,,36,2024
,1397034.0,,1361383,0,738,99963025,2,7207,52518,,36,2023
,1397143.0,,1356265,0,740,100129469,3,7209,52523,,36,2023
,1394687.0,,1346494,0,756,99863157,1,7216,52950,,36,2024
2294047.0,1400163.0,1156040.0,1331202,0,772,98952059,2,7201,52771,,36,2025
,1399244.0,,1334993,0,764,100394473,6,7205,53061,,36,2024
,1397101.0,,1355624,0,740,100260464,4,7192,52337,,36,2023
,1397102.0,,1297266,0,755,100687994,10,7256,52924,,36,2023
,1396979.0,,1298113,0,756,100977641,8,7209,52532,,36,2023
,1396957.0,,1298128,0,756,101089751,9,7249,52707,,36,2023
,1394189.0,,1348835,0,756,100113563,11,7261,52966,,36,2023
,1396843.0,,1352330,0,740,100647068,5,7193,52404,,36,2023
,1399352.0,,1334056,0,781,100205340,7,7205,52522,,36,2024
2300086.0,1400263.0,1156027.0,1330896,0,772,99181740,3,7262,52784,,36,2025
,1396864.0,,1351104,0,751,101138250,6,7180,52452,,36,2023
,1395100.0,,1336527,0,762,100071071,4,7220,53057,,36,2024
,1399484.0,,1333561,0,781,99878613,8,7205,52555,,36,2024
,1394357.0,,1348135,0,755,100505429,12,7260,52985,,36,2023
,1399508.0,,1333480,0,781,99863765,9,7205,52725,,36,2024
2284806.0,1400117.0,1157172.0,1330966,0,781,98604969,1,7201,52761,,36,2025
,1399247.0,,1335806,0,764,100364268,5,7216,53105,,36,2024
,1396946.0,,1351850,0,756,101097271,7,7187,52504,,36,2023
,1399649.0,,1333828,0,781,98833879,10,7205,52753,,36,2024
,1394869.0,,1338897,0,762,100300669,2,7221,52993,,36,2024
,1395032.0,,1337770,0,762,99927905,3,7219,53017,,36,2024
,1399757.0,1157352.0,1333235,0,781,98992814,11,7202,52753,,36,2024
,69899.0,56570.0,65433,0,31,4358178,12,204,2441,32,0,2024
,65912.0,,65582,0,30,4187391,2,205,2434,32,0,2023
,65914.0,,65405,0,31,4152205,3,206,2434,32,0,2023
,65922.0,,63689,0,31,3988095,1,204,2441,32,0,2024
74301.0,69919.0,55839.0,65034,0,31,4364424,2,204,2439,32,0,2025
,69899.0,,64695,0,31,3927340,6,204,2441,32,0,2024
,65910.0,,65402,0,31,4108801,4,210,2435,32,0,2023
,65912.0,,64258,0,31,3846249,10,204,2441,32,0,2023
,65911.0,,65205,0,31,3843476,8,205,2438,32,0,2023
,65911.0,,65214,0,31,3851829,9,204,2437,32,0,2023
,65911.0,,63759,0,31,3834424,11,204,2441,32,0,2023
,65920.0,,65441,0,31,3910137,5,210,2437,32,0,2023
,69897.0,,65278,0,31,4177193,7,204,2441,32,0,2024
74532.0,69917.0,55781.0,65137,0,31,4314025,3,204,2439,32,0,2025
,65909.0,,65427,0,31,3866108,6,209,2438,32,0,2023
,65911.0,,63224,0,31,3958775,4,204,2441,32,0,2024
,69901.0,,65470,0,31,4251371,8,204,2441,32,0,2024
,65911.0,,63688,0,31,3992171,12,204,2441,32,0,2023
,69898.0,,65525,0,31,4297683,9,204,2441,32,0,2024
73661.0,69910.0,56048.0,65229,0,31,4391734,1,204,2439,32,0,2025
,69895.0,,64473,0,31,3968720,5,204,2441,32,0,2024
,65911.0,,65430,0,31,3837809,7,209,2438,32,0,2023
,69898.0,,65623,0,31,4298743,10,204,2441,32,0,2024
,65911.0,,63277,0,31,3951370,2,204,2441,32,0,2024
,65911.0,,63246,0,31,3892456,3,204,2441,32,0,2024
,69899.0,57107.0,65601,0,31,4327023,11,204,2441,32,0,2024
,74186.0,68737.0,73475,0,30,3938654,12,338,2806,35,0,2024
,74153.0,,73886,0,30,4107868,2,338,2811,35,0,2023
,74155.0,,73735,0,30,4106775,3,338,2811,35,0,2023
,74166.0,,73679,0,30,4093868,1,338,2816,35,0,2024
250204.0,74190.0,69687.0,73496,0,30,3930637,2,338,2806,35,0,2025
,74185.0,,73393,0,30,3974634,6,338,2810,35,0,2024
,74158.0,,73752,0,30,4067944,4,338,2811,35,0,2023
,74150.0,,73573,0,30,4052540,10,338,2815,35,0,2023
,74154.0,,73595,0,30,4071785,8,338,2811,35,0,2023
,74153.0,,73591,0,30,4057210,9,338,2811,35,0,2023
,74150.0,,73661,0,30,4049294,11,338,2816,35,0,2023
,74156.0,,73742,0,30,4065039,5,338,2811,35,0,2023
,74185.0,,73361,0,30,3961751,7,338,2806,35,0,2024
244632.0,74190.0,69972.0,73507,0,30,3919766,3,338,2806,35,0,2025
,74157.0,,73744,0,30,4087813,6,338,2811,35,0,2023
,74184.0,,73589,0,30,4033237,4,338,2816,35,0,2024
,74186.0,,73370,0,30,3948931,8,338,2806,35,0,2024
,74155.0,,73653,0,30,4068901,12,338,2816,35,0,2023
,74186.0,,73417,0,30,3936740,9,338,2806,35,0,2024
255867.0,74186.0,69414.0,73464,0,30,3934136,1,338,2806,35,0,2025
,74185.0,,73474,0,30,3995693,5,338,2810,35,0,2024
,74153.0,,73759,0,30,4086298,7,338,2811,35,0,2023
,74186.0,,73437,0,30,3927986,10,338,2806,35,0,2024
,74200.0,,73687,0,30,4098781,2,338,2816,35,0,2024
,74199.0,,73665,0,30,4085358,3,338,2816,35,0,2024
,74186.0,68224.0,73450,0,30,3943222,11,338,2806,35,0,2024
,55608.0,46826.0,53992,0,26,3087241,12,259,2240,34,0,2024
,55691.0,,55311,0,15,2792153,2,260,2229,34,0,2023
,55700.0,,55248,0,15,2773474,3,260,2229,34,0,2023
,55618.0,,55185,0,26,2345604,1,265,2276,34,0,2024
47723.0,55745.0,46613.0,53913,0,26,3030425,2,259,2222,34,0,2025
,55610.0,,53865,0,26,3217469,6,259,2254,34,0,2024
,55639.0,,55230,0,15,2725217,4,258,2226,34,0,2023
,55619.0,,55096,0,26,2379527,10,310,2327,34,0,2023
,55614.0,,55114,0,26,2450648,8,286,2236,34,0,2023
,55614.0,,55097,0,26,2418039,9,310,2294,34,0,2023
,55652.0,,55186,0,26,2395168,11,310,2334,34,0,2023
,55614.0,,55205,0,15,2654322,5,258,2231,34,0,2023
,55610.0,,53882,0,26,3150631,7,259,2208,34,0,2024
45805.0,55746.0,46613.0,53925,0,26,3009125,3,259,2222,34,0,2025
,55615.0,,55173,0,26,2577291,6,258,2233,34,0,2023
,55610.0,,53890,0,26,3192494,4,270,2306,34,0,2024
,55612.0,,53890,0,26,3143263,8,259,2223,34,0,2024
,55651.0,,55188,0,26,2392745,12,310,2338,34,0,2023
,55610.0,,53933,0,26,3130616,9,259,2227,34,0,2024
48334.0,55746.0,46730.0,53958,0,26,3053469,1,259,2219,34,0,2025
,55610.0,,53859,0,26,3249576,5,270,2311,34,0,2024
,55615.0,,55178,0,26,2502774,7,258,2235,34,0,2023
,55610.0,,53944,0,26,3109818,10,259,2233,34,0,2024
,55610.0,,53946,0,26,3052245,2,270,2298,34,0,2024
,55610.0,,53884,0,26,3093142,3,270,2302,34,0,2024
,55609.0,47007.0,53945,0,26,3105077,11,259,2235,34,0,2024
,35692.0,24896.0,33283,0,33,1942783,12,149,1429,20,0,2024
,35693.0,,34488,0,33,2193990,2,149,1430,20,0,2023
,35693.0,,34434,0,33,2178375,3,149,1430,20,0,2023
,35700.0,,34454,0,33,2204191,1,149,1433,20,0,2024
22019.0,35690.0,24600.0,33231,0,33,2153017,2,149,1429,20,0,2025
,35697.0,,34061,0,33,2052174,6,149,1433,20,0,2024
,35664.0,,34431,0,33,2158380,4,149,1430,20,0,2023
,35698.0,,34421,0,33,2222641,10,149,1433,20,0,2023
,35693.0,,34419,0,33,2235848,8,149,1431,20,0,2023
,35693.0,,34427,0,33,2223325,9,149,1431,20,0,2023
,35700.0,,34471,0,33,2228359,11,149,1433,20,0,2023
,35693.0,,34447,0,33,2182936,5,149,1431,20,0,2023
,35697.0,,34056,0,33,1992566,7,149,1433,20,0,2024
21622.0,35700.0,24013.0,33051,0,33,2136130,3,149,1429,20,0,2025
,35693.0,,34437,0,33,2173789,6,149,1431,20,0,2023
,35697.0,,34181,0,33,2130778,4,149,1433,20,0,2024
,35697.0,,33955,0,33,1961982,8,149,1433,20,0,2024
,35700.0,,34456,0,33,2212986,12,149,1433,20,0,2023
,35697.0,,33903,0,33,1939439,9,149,1433,20,0,2024
22204.0,35691.0,24778.0,33283,0,33,2118810,1,149,1429,20,0,2025
,35697.0,,34149,0,33,2085338,5,149,1433,20,0,2024
,35693.0,,34445,0,33,2220899,7,149,1431,20,0,2023
,35697.0,,33725,0,33,1907377,10,149,1431,20,0,2024
,35700.0,,34291,0,33,2198831,2,149,1433,20,0,2024
,35697.0,,34203,0,33,2173595,3,149,1433,20,0,2024
,35692.0,25142.0,33365,0,33,1909702,11,149,1431,20,0,2024
,33120.0,32604.0,33066,0,14,2064259,12,258,1221,18,0,2024
,33115.0,,33115,0,14,2426478,2,262,1198,18,0,2023
,33115.0,,33115,0,14,2416284,3,262,1198,18,0,2023
,33115.0,,33106,0,14,2265633,1,258,1203,18,0,2024
17847.0,33120.0,32789.0,33075,0,14,2042101,2,258,1221,18,0,2025
,33115.0,,32949,0,14,2170544,6,258,1215,18,0,2024
,33115.0,,33115,0,14,2392651,4,258,1194,18,0,2023
,33115.0,,32987,0,14,2283192,10,258,1202,18,0,2023
,33115.0,,32981,0,14,2298422,8,258,1202,18,0,2023
,33115.0,,32975,0,14,2287259,9,258,1202,18,0,2023
,33115.0,,33107,0,14,2281125,11,258,1203,18,0,2023
,33115.0,,33104,0,14,2354393,5,258,1203,18,0,2023
,33120.0,,33024,0,14,2154793,7,258,1216,18,0,2024
17776.0,33120.0,32837.0,33076,0,14,2030953,3,258,1221,18,0,2025
,33115.0,,33103,0,14,2338690,6,258,1203,18,0,2023
,33117.0,,33085,0,14,2203021,4,258,1204,18,0,2024
,33120.0,,33051,0,14,2137301,8,258,1217,18,0,2024
,33115.0,,33107,0,14,2270252,12,258,1203,18,0,2023
,33120.0,,33057,0,14,2115133,9,258,1221,18,0,2024
17839.0,33120.0,32757.0,33067,0,14,2051251,1,258,1221,18,0,2025
,33117.0,,32875,0,14,2187467,5,258,1215,18,0,2024
,33115.0,,33107,0,14,2323937,7,258,1203,18,0,2023
,33120.0,,33068,0,14,2085212,10,258,1221,18,0,2024
,33117.0,,33092,0,14,2255578,2,258,1203,18,0,2024
,33117.0,,33092,0,14,2227664,3,258,1203,18,0,2024
,33120.0,32581.0,33063,0,14,2081488,11,258,1221,18,0,2024
,52156.0,48780.0,51806,0,33,2549667,12,221,1862,27,0,2024
,51730.0,,51105,0,28,2358535,2,220,1751,27,0,2023
,51748.0,,51046,0,28,2364487,3,220,1751,27,0,2023
,52116.0,,51229,0,33,2666146,1,220,1777,27,0,2024
105336.0,52167.0,49838.0,51841,0,33,2538132,2,221,1863,27,0,2025
,52202.0,,50869,0,33,2599306,6,221,1857,27,0,2024
,51770.0,,51080,0,28,2422302,4,220,1751,27,0,2023
,52017.0,,50967,0,33,2675381,10,220,1766,27,0,2023
,51948.0,,50868,0,33,2613920,8,220,1752,27,0,2023
,51950.0,,50899,0,33,2667520,9,220,1763,27,0,2023
,52037.0,,51242,0,33,2678432,11,221,1756,27,0,2023
,51810.0,,51084,0,28,2575364,5,220,1752,27,0,2023
,52255.0,,51035,0,33,2552113,7,221,1860,27,0,2024
103682.0,52213.0,50040.0,51821,0,33,2522512,3,221,1863,27,0,2025
,51886.0,,51071,0,28,2620882,6,220,1752,27,0,2023
,52193.0,,50912,0,33,2616931,4,221,1820,27,0,2024
,52305.0,,51251,0,33,2536850,8,221,1860,27,0,2024
,52066.0,,51245,0,33,2684803,12,221,1763,27,0,2023
,52135.0,,51358,0,33,2542838,9,221,1861,27,0,2024
106773.0,52168.0,49877.0,51860,0,33,2545728,1,221,1863,27,0,2025
,52187.0,,50937,0,33,2611835,5,221,1856,27,0,2024
,51919.0,,51168,0,33,2603023,7,220,1752,27,0,2023
,52150.0,,51575,0,33,2531749,10,221,1861,27,0,2024
,52125.0,,51099,0,33,2623889,2,220,1783,27,0,2024
,52167.0,,50979,0,33,2599463,3,220,1792,27,0,2024
,52148.0,47872.0,51695,0,33,2548711,11,221,1861,27,0,2024
,405.0,369.0,404,0,3,37740,12,4,16,9,0,2024
,405.0,,405,0,3,34919,2,5,16,9,0,2023
,405.0,,405,0,3,34437,3,5,16,9,0,2023
,405.0,,404,0,3,34042,1,4,16,9,0,2024
0.0,405.0,368.0,404,0,3,37359,2,4,16,9,0,2025
,405.0,,404,0,3,39772,6,4,16,9,0,2024
,405.0,,405,0,3,34324,4,5,16,9,0,2023
,405.0,,399,0,3,33216,10,4,16,9,0,2023
,405.0,,399,0,3,32806,8,4,16,9,0,2023
,405.0,,399,0,3,32764,9,4,16,9,0,2023
,405.0,,405,0,3,32841,11,4,16,9,0,2023
,405.0,,405,0,3,33825,5,5,16,9,0,2023
,405.0,,405,0,3,39647,7,4,16,9,0,2024
0.0,405.0,372.0,404,0,3,37090,3,4,16,9,0,2025
,405.0,,402,0,3,34479,6,4,16,9,0,2023
,405.0,,404,0,3,37517,4,4,16,9,0,2024
,405.0,,405,0,3,39283,8,4,16,9,0,2024
,405.0,,405,0,3,33588,12,4,16,9,0,2023
,405.0,,405,0,3,38969,9,4,16,9,0,2024
0.0,405.0,367.0,404,0,3,37631,1,4,16,9,0,2025
,405.0,,404,0,3,40002,5,4,16,9,0,2024
,405.0,,404,0,3,32979,7,4,16,9,0,2023
,405.0,,405,0,3,38211,10,4,16,9,0,2024
,405.0,,403,0,3,34316,2,4,16,9,0,2024
,405.0,,404,0,3,34218,3,4,16,9,0,2024
,405.0,378.0,405,0,3,37987,11,4,16,9,0,2024
,2244.0,2221.0,2237,0,11,113293,12,27,93,11,0,2024
,2244.0,,2244,0,8,121832,2,27,93,11,0,2023
,2244.0,,2239,0,8,129466,3,27,93,11,0,2023
,2244.0,,2239,0,8,119068,1,27,93,11,0,2024
18253.0,2244.0,2221.0,2237,0,11,113740,2,27,93,11,0,2025
,2244.0,,2239,0,11,117594,6,27,93,11,0,2024
,2244.0,,2238,0,8,129138,4,27,93,11,0,2023
,2244.0,,2237,0,8,122025,10,27,93,11,0,2023
,2244.0,,2237,0,8,123415,8,27,93,11,0,2023
,2244.0,,2237,0,8,122127,9,27,93,11,0,2023
,2244.0,,2239,0,8,121457,11,27,93,11,0,2023
,2244.0,,2239,0,8,126950,5,27,93,11,0,2023
,2244.0,,2236,0,11,117714,7,27,93,11,0,2024
18775.0,2244.0,2219.0,2237,0,11,115709,3,27,93,11,0,2025
,2244.0,,2239,0,8,125457,6,27,93,11,0,2023
,2244.0,,2239,0,9,118216,4,27,93,11,0,2024
,2244.0,,2236,0,11,117811,8,27,93,11,0,2024
,2244.0,,2239,0,8,119566,12,27,93,11,0,2023
,2244.0,,2236,0,11,117131,9,27,93,11,0,2024
18351.0,2244.0,2221.0,2237,0,11,113549,1,27,93,11,0,2025
,2244.0,,2238,0,11,117782,5,27,93,11,0,2024
,2244.0,,2239,0,8,124348,7,27,93,11,0,2023
,2244.0,,2237,0,11,115602,10,27,93,11,0,2024
,2244.0,,2239,0,9,119227,2,27,93,11,0,2024
,2244.0,,2239,0,9,118749,3,27,93,11,0,2024
,2244.0,2219.0,2237,0,11,114864,11,27,93,11,0,2024
,18925.0,17915.0,18710,0,12,551292,12,78,809,7,0,2024
,18934.0,,18866,0,12,527011,2,78,808,7,0,2023
,18927.0,,18794,0,12,518891,3,78,808,7,0,2023
,18925.0,,18736,0,12,565358,1,78,809,7,0,2024
16179.0,18925.0,18095.0,18753,0,12,546585,2,78,809,7,0,2025
,18925.0,,18559,0,12,565045,6,78,809,7,0,2024
,18925.0,,18770,0,12,516792,4,78,808,7,0,2023
,18927.0,,18707,0,12,566094,10,78,808,7,0,2023
,18925.0,,18723,0,12,560118,8,78,808,7,0,2023
,18925.0,,18714,0,12,563200,9,78,808,7,0,2023
,18927.0,,18721,0,12,566996,11,78,809,7,0,2023
,18925.0,,18754,0,12,508789,5,78,808,7,0,2023
,18925.0,,18484,0,12,562334,7,78,809,7,0,2024
16332.0,18925.0,18122.0,18763,0,12,539878,3,78,809,7,0,2025
,18925.0,,18757,0,12,512337,6,78,808,7,0,2023
,18926.0,,18625,0,12,566499,4,78,809,7,0,2024
,18926.0,,18510,0,12,560676,8,78,809,7,0,2024
,18926.0,,18727,0,12,565917,12,78,809,7,0,2023
,18936.0,,18548,0,12,560188,9,78,809,7,0,2024
16213.0,18925.0,18062.0,18755,0,12,548260,1,78,809,7,0,2025
,18925.0,,18563,0,12,565844,5,78,809,7,0,2024
,18925.0,,18752,0,12,554395,7,78,808,7,0,2023
,18935.0,,18617,0,12,555486,10,78,809,7,0,2024
,18929.0,,18590,0,12,567530,2,78,809,7,0,2024
,18926.0,,18630,0,12,566964,3,78,809,7,0,2024
,18925.0,17851.0,18672,0,12,554061,11,78,809,7,0,2024
,11523.0,9722.0,11145,0,16,284444,12,43,391,29,0,2024
,11509.0,,11509,0,16,299445,2,43,391,29,0,2023
,11509.0,,11497,0,16,299720,3,43,391,29,0,2023
,11509.0,,11435,0,16,283343,1,43,391,29,0,2024
42205.0,11552.0,9739.0,11179,0,16,284383,2,43,391,29,0,2025
,11523.0,,11255,0,16,279925,6,43,391,29,0,2024
,11509.0,,11495,0,16,304859,4,43,391,29,0,2023
,11509.0,,11475,0,16,273236,10,43,391,29,0,2023
,11509.0,,11490,0,16,274737,8,43,391,29,0,2023
,11509.0,,11488,0,16,271247,9,43,391,29,0,2023
,11509.0,,11476,0,16,278738,11,43,391,29,0,2023
,11509.0,,11493,0,16,297872,5,43,391,29,0,2023
,11523.0,,11232,0,16,283381,7,43,391,29,0,2024
39191.0,11552.0,9746.0,11176,0,16,283994,3,43,391,29,0,2025
,11509.0,,11493,0,16,290036,6,43,391,29,0,2023
,11523.0,,11316,0,16,280069,4,43,391,29,0,2024
,11523.0,,11232,0,16,293989,8,43,391,29,0,2024
,11509.0,,11466,0,16,283141,12,43,391,29,0,2023
,11523.0,,11203,0,16,291693,9,43,391,29,0,2024
43993.0,11552.0,9727.0,11160,0,16,283564,1,43,392,29,0,2025
,11523.0,,11310,0,16,280732,5,43,391,29,0,2024
,11509.0,,11493,0,16,281838,7,43,391,29,0,2023
,11523.0,,11196,0,16,290172,10,43,391,29,0,2024
,11523.0,,11371,0,16,281914,2,43,391,29,0,2024
,11523.0,,11306,0,16,280007,3,43,391,29,0,2024
,11523.0,9675.0,11194,0,16,286884,11,43,391,29,0,2024
,28179.0,26485.0,27070,0,20,875522,12,128,1177,16,0,2024
,28150.0,,27552,0,20,811036,2,128,1129,16,0,2023
,28157.0,,27280,0,20,806282,3,128,1129,16,0,2023
,28168.0,,27306,0,20,806976,1,128,1166,16,0,2024
25851.0,28182.0,26506.0,27099,0,20,887218,2,128,1177,16,0,2025
,28178.0,,26927,0,20,816664,6,128,1172,16,0,2024
,28129.0,,27170,0,20,797104,4,128,1129,16,0,2023
,28154.0,,26972,0,20,804812,10,128,1158,16,0,2023
,28131.0,,26899,0,20,806278,8,128,1140,16,0,2023
,28130.0,,26966,0,20,806284,9,128,1141,16,0,2023
,28167.0,,27286,0,20,805879,11,128,1162,16,0,2023
,28118.0,,27083,0,20,799886,5,128,1131,16,0,2023
,28178.0,,26905,0,20,816558,7,128,1172,16,0,2024
25475.0,28183.0,26544.0,27084,0,20,888556,3,128,1177,16,0,2025
,28119.0,,27069,0,20,795450,6,128,1133,16,0,2023
,28176.0,,27009,0,20,810708,4,128,1171,16,0,2024
,28174.0,,26927,0,20,821695,8,128,1172,16,0,2024
,28176.0,,27302,0,20,806546,12,128,1166,16,0,2023
,28181.0,,26943,0,20,822757,9,128,1173,16,0,2024
25658.0,28179.0,26518.0,27101,0,20,878932,1,128,1177,16,0,2025
,28179.0,,26934,0,20,819536,5,128,1172,16,0,2024
,28116.0,,27040,0,20,794211,7,128,1135,16,0,2023
,28170.0,,26989,0,20,818221,10,128,1175,16,0,2024
,28178.0,,27094,0,20,805342,2,128,1169,16,0,2024
,28195.0,,27039,0,20,806825,3,128,1171,16,0,2024
,28175.0,26389.0,27078,0,20,857808,11,128,1175,16,0,2024
,720.0,701.0,715,0,3,12176,12,5,26,6,0,2024
,720.0,,710,0,3,15813,2,6,25,6,0,2023
,720.0,,710,0,3,15715,3,6,25,6,0,2023
,720.0,,711,0,3,12513,1,5,25,6,0,2024
0.0,720.0,717.0,720,0,3,12437,2,5,26,6,0,2025
,720.0,,713,0,3,12905,6,5,26,6,0,2024
,720.0,,710,0,3,15282,4,5,25,6,0,2023
,720.0,,710,0,3,12517,10,5,25,6,0,2023
,720.0,,710,0,3,12589,8,5,25,6,0,2023
,720.0,,710,0,3,12536,9,5,25,6,0,2023
,720.0,,711,0,3,12507,11,5,25,6,0,2023
,720.0,,710,0,3,14409,5,5,25,6,0,2023
,720.0,,715,0,3,12295,7,5,26,6,0,2024
0.0,720.0,718.0,720,0,3,12488,3,5,26,6,0,2025
,720.0,,710,0,3,14148,6,5,25,6,0,2023
,720.0,,715,0,3,13123,4,5,26,6,0,2024
,720.0,,715,0,3,12067,8,5,26,6,0,2024
,720.0,,711,0,3,12507,12,5,25,6,0,2023
,720.0,,715,0,3,11969,9,5,26,6,0,2024
0.0,720.0,702.0,717,0,3,12401,1,5,26,6,0,2025
,720.0,,713,0,3,12900,5,5,26,6,0,2024
,720.0,,710,0,3,12944,7,5,25,6,0,2023
,720.0,,715,0,3,11835,10,5,26,6,0,2024
,720.0,,715,0,3,12865,2,5,25,6,0,2024
,720.0,,715,0,3,13212,3,5,26,6,0,2024
,720.0,700.0,715,0,3,12093,11,5,26,6,0,2024
,3980.0,3941.0,3969,0,12,104064,12,60,167,28,0,2024
,3980.0,,3914,0,11,61650,2,60,167,28,0,2023
,3980.0,,3913,0,11,60720,3,60,167,28,0,2023
,3980.0,,3954,0,11,114241,1,60,169,28,0,2024
23937.0,3980.0,3940.0,3970,0,12,102957,2,60,167,28,0,2025
,3980.0,,3941,0,12,110569,6,60,169,28,0,2024
,3980.0,,3914,0,11,61772,4,60,167,28,0,2023
,3980.0,,3932,0,11,116138,10,60,169,28,0,2023
,3980.0,,3916,0,11,107623,8,60,169,28,0,2023
,3980.0,,3920,0,11,113257,9,60,169,28,0,2023
,3980.0,,3956,0,11,117988,11,60,169,28,0,2023
,3980.0,,3938,0,11,77996,5,60,167,28,0,2023
,3980.0,,3939,0,12,110963,7,60,167,28,0,2024
23612.0,3980.0,3946.0,3970,0,12,102890,3,60,167,28,0,2025
,3980.0,,3936,0,11,92934,6,60,169,28,0,2023
,3980.0,,3954,0,12,112413,4,60,169,28,0,2024
,3980.0,,3967,0,12,109945,8,60,167,28,0,2024
,3980.0,,3955,0,11,115919,12,60,169,28,0,2023
,3980.0,,3968,0,12,109463,9,60,167,28,0,2024
23998.0,3980.0,3941.0,3968,0,12,101706,1,60,167,28,0,2025
,3980.0,,3941,0,12,111199,5,60,169,28,0,2024
,3980.0,,3934,0,11,103081,7,60,169,28,0,2023
,3980.0,,3970,0,12,107257,10,60,167,28,0,2024
,3980.0,,3958,0,12,113880,2,60,169,28,0,2024
,3980.0,,3958,0,12,113619,3,60,169,28,0,2024
,3980.0,3941.0,3970,0,12,106117,11,60,167,28,0,2024
,53065.0,50701.0,52363,0,33,3450627,12,426,2124,17,0,2024
,53027.0,,52565,0,33,3982280,2,427,2123,17,0,2023
,53033.0,,52441,0,33,3974314,3,427,2123,17,0,2023
,53065.0,,52609,0,33,3752532,1,426,2123,17,0,2024
62225.0,53065.0,50555.0,52259,0,33,3452137,2,426,2124,17,0,2025
,53065.0,,52643,0,33,3609535,6,426,2124,17,0,2024
,53027.0,,52332,0,33,3982684,4,427,2123,17,0,2023
,53027.0,,3292,0,33,3750536,10,426,2123,17,0,2023
,53027.0,,3197,0,33,3789506,8,426,2123,17,0,2023
,53027.0,,3255,0,33,3759548,9,426,2123,17,0,2023
,53027.0,,52652,0,33,3726868,11,426,2123,17,0,2023
,53027.0,,52303,0,33,3929849,5,427,2123,17,0,2023
,53065.0,,52550,0,33,3532162,7,426,2124,17,0,2024
60201.0,53065.0,50551.0,52200,0,33,3446529,3,426,2124,17,0,2025
,53027.0,,52289,0,33,3863943,6,426,2123,17,0,2023
,53065.0,,52620,0,33,3711632,4,426,2123,17,0,2024
,53065.0,,52504,0,33,3520663,8,426,2124,17,0,2024
,53027.0,,52616,0,33,3744087,12,426,2123,17,0,2023
,53065.0,,52489,0,33,3507241,9,426,2124,17,0,2024
63946.0,53065.0,50671.0,52306,0,33,3454806,1,426,2124,17,0,2025
,53065.0,,52652,0,33,3669220,5,426,2123,17,0,2024
,53028.0,,52604,0,33,3816658,7,426,2123,17,0,2023
,53065.0,,52463,0,33,3470661,10,426,2124,17,0,2024
,53065.0,,52314,0,33,3744986,2,426,2123,17,0,2024
,53065.0,,52537,0,33,3714787,3,426,2123,17,0,2024
,53065.0,50817.0,52422,0,33,3450823,11,426,2124,17,0,2024
,110584.0,94893.0,106191,0,36,6562064,12,581,4186,1,0,2024
,110306.0,,109550,0,36,7456774,2,553,3891,1,0,2023
,110333.0,,109375,0,36,7444243,3,553,3891,1,0,2023
,110467.0,,108486,0,36,6857778,1,581,4162,1,0,2024
105512.0,110590.0,94753.0,106334,0,36,6546023,2,581,4189,1,0,2025
,110525.0,,106163,0,36,6898400,6,581,4177,1,0,2024
,110351.0,,109140,0,36,7439108,4,553,3892,1,0,2023
,110474.0,,108234,0,36,7300938,10,579,4136,1,0,2023
,110445.0,,108339,0,36,7332407,8,553,3910,1,0,2023
,110466.0,,108317,0,36,7262852,9,570,4011,1,0,2023
,110515.0,,108551,0,36,7228817,11,581,4160,1,0,2023
,110396.0,,109007,0,36,7337399,5,553,3895,1,0,2023
,110525.0,,106049,0,36,6807561,7,581,4177,1,0,2024
105476.0,110592.0,94665.0,106508,0,36,6545947,3,581,4192,1,0,2025
,110429.0,,108745,0,36,7364879,6,553,3903,1,0,2023
,110513.0,,107291,0,36,6888724,4,581,4170,1,0,2024
,110526.0,,106016,0,36,6714138,8,581,4177,1,0,2024
,110465.0,,108507,0,36,7032780,12,581,4161,1,0,2023
,110523.0,,105987,0,36,6632698,9,581,4179,1,0,2024
105729.0,110590.0,94921.0,106158,0,36,6558812,1,581,4188,1,0,2025
,110546.0,,106713,0,36,6838899,5,581,4175,1,0,2024
,110434.0,,108660,0,36,7360652,7,553,3905,1,0,2023
,110530.0,,106228,0,36,6566083,10,581,4181,1,0,2024
,110465.0,,107750,0,36,6956912,2,581,4167,1,0,2024
,110475.0,,107642,0,36,6909209,3,581,4168,1,0,2024
,110552.0,94877.0,106270,0,36,6572574,11,581,4185,1,0,2024
,54449.0,36458.0,43872,0,38,4165187,12,434,1782,19,0,2024
,54439.0,,44119,0,38,3976423,2,435,1801,19,0,2023
,54420.0,,43931,0,38,4003445,3,435,1801,19,0,2023
,54449.0,,44254,0,38,4055651,1,434,1785,19,0,2024
44341.0,54449.0,35538.0,44477,0,38,4217322,2,434,1784,19,0,2025
,54449.0,,44169,0,38,4022793,6,434,1783,19,0,2024
,54441.0,,43915,0,38,4028391,4,435,1800,19,0,2023
,54432.0,,43771,0,38,4031389,10,434,1785,19,0,2023
,54441.0,,43632,0,38,4040947,8,434,1784,19,0,2023
,54441.0,,43703,0,38,4014950,9,434,1784,19,0,2023
,54438.0,,44209,0,38,4033938,11,434,1785,19,0,2023
,54441.0,,43866,0,38,4004620,5,435,1801,19,0,2023
,54449.0,,43970,0,38,4067033,7,434,1784,19,0,2024
44040.0,54449.0,35439.0,44484,0,38,4212091,3,434,1784,19,0,2025
,54442.0,,43840,0,38,4018790,6,434,1783,19,0,2023
,54449.0,,44331,0,38,4034377,4,434,1782,19,0,2024
,54449.0,,43912,0,38,4093904,8,434,1784,19,0,2024
,54436.0,,44141,0,38,4049197,12,434,1785,19,0,2023
,54449.0,,43889,0,38,4094386,9,434,1784,19,0,2024
44206.0,54449.0,36256.0,44039,0,38,4180046,1,434,1783,19,0,2025
,54449.0,,44257,0,38,3997214,5,434,1782,19,0,2024
,54441.0,,43991,0,38,4025410,7,434,1784,19,0,2023
,54449.0,,43861,0,38,4077442,10,434,1783,19,0,2024
,54449.0,,44317,0,38,4065812,2,434,1785,19,0,2024
,54449.0,,44336,0,38,4052095,3,434,1782,19,0,2024
,54449.0,36796.0,43859,0,38,4113542,11,434,1783,19,0,2024
,61891.0,53645.0,60393,0,35,3036837,12,232,2373,26,0,2024
,61722.0,,60902,0,35,3526039,2,232,2353,26,0,2023
,61718.0,,60899,0,35,3503869,3,232,2353,26,0,2023
,61758.0,,60545,0,35,3215263,1,236,2383,26,0,2024
397052.0,61891.0,53585.0,60329,0,35,2986069,2,232,2374,26,0,2025
,61858.0,,60479,0,35,3058968,6,236,2387,26,0,2024
,61723.0,,60898,0,35,3480386,4,232,2346,26,0,2023
,61739.0,,60476,0,35,3289742,10,236,2383,26,0,2023
,61739.0,,60483,0,35,3388200,8,236,2382,26,0,2023
,61739.0,,60483,0,35,3356111,9,236,2382,26,0,2023
,61735.0,,60582,0,35,3253004,11,236,2383,26,0,2023
,61728.0,,60644,0,35,3444860,5,232,2348,26,0,2023
,61857.0,,60451,0,35,3055738,7,236,2387,26,0,2024
413357.0,61892.0,53366.0,60229,0,35,3007388,3,232,2374,26,0,2025
,61738.0,,60508,0,35,3428477,6,231,2348,26,0,2023
,61856.0,,60521,0,35,3032368,4,236,2387,26,0,2024
,61897.0,,60464,0,35,3062495,8,236,2387,26,0,2024
,61735.0,,60568,0,35,3245775,12,236,2383,26,0,2023
,61897.0,,60458,0,35,3076902,9,236,2387,26,0,2024
381907.0,61891.0,53585.0,60357,0,35,2995755,1,232,2374,26,0,2025
,61856.0,,60505,0,35,3030223,5,236,2387,26,0,2024
,61739.0,,60565,0,35,3401716,7,236,2382,26,0,2023
,61895.0,,60436,0,35,3055528,10,236,2393,26,0,2024
,61855.0,,60480,0,35,3164784,2,236,2387,26,0,2024
,61855.0,,60514,0,35,3084599,3,236,2387,26,0,2024
,61891.0,53681.0,60418,0,35,3068804,11,232,2373,26,0,2024
,450.0,419.0,430,0,1,41771,12,3,18,8,0,2024
,450.0,,442,0,1,51655,2,3,18,8,0,2023
,450.0,,440,0,1,50867,3,3,18,8,0,2023
,450.0,,435,0,1,46882,1,3,18,8,0,2024
0.0,450.0,416.0,425,0,1,42217,2,3,18,8,0,2025
,450.0,,434,0,1,44220,6,3,18,8,0,2024
,450.0,,440,0,1,49942,4,3,18,8,0,2023
,450.0,,433,0,1,46690,10,3,18,8,0,2023
,450.0,,432,0,1,47107,8,3,18,8,0,2023
,450.0,,432,0,1,46799,9,3,18,8,0,2023
,450.0,,439,0,1,46785,11,3,18,8,0,2023
,450.0,,423,0,1,49276,5,3,18,8,0,2023
,450.0,,435,0,1,44527,7,3,18,8,0,2024
0.0,450.0,439.0,432,0,1,42530,3,3,18,8,0,2025
,450.0,,426,0,1,48148,6,3,18,8,0,2023
,450.0,,438,0,1,46041,4,3,18,8,0,2024
,450.0,,438,0,1,44298,8,3,18,8,0,2024
,450.0,,434,0,1,47126,12,3,18,8,0,2023
,450.0,,433,0,1,44422,9,3,18,8,0,2024
0.0,450.0,418.0,431,0,1,41931,1,3,18,8,0,2025
,450.0,,434,0,1,44786,5,3,18,8,0,2024
,450.0,,443,0,1,46939,7,3,18,8,0,2023
,450.0,,427,0,1,42909,10,3,18,8,0,2024
,450.0,,435,0,1,46782,2,3,18,8,0,2024
,450.0,,437,0,1,46530,3,3,18,8,0,2024
,450.0,425.0,427,0,1,41770,11,3,18,8,0,2024
,20049.0,12784.0,19304,0,13,772157,12,105,594,21,0,2024
,20080.0,,19966,0,13,779079,2,105,592,21,0,2023
,20079.0,,19809,0,13,792043,3,105,592,21,0,2023
,20041.0,,19644,0,13,777186,1,105,593,21,0,2024
71041.0,20048.0,12713.0,19263,0,13,772270,2,105,592,21,0,2025
,20045.0,,19340,0,13,772396,6,105,593,21,0,2024
,20081.0,,19790,0,13,804608,4,105,592,21,0,2023
,20047.0,,19669,0,13,784467,10,105,593,21,0,2023
,20061.0,,19701,0,13,779831,8,105,593,21,0,2023
,20061.0,,19684,0,13,780405,9,105,593,21,0,2023
,20043.0,,19728,0,13,782354,11,105,593,21,0,2023
,20085.0,,19772,0,13,793766,5,105,592,21,0,2023
,20047.0,,19294,0,13,774017,7,105,593,21,0,2024
70907.0,20057.0,12695.0,19256,0,13,770999,3,105,592,21,0,2025
,20088.0,,19763,0,13,786568,6,105,592,21,0,2023
,20045.0,,19327,0,13,766358,4,105,593,21,0,2024
,20047.0,,19354,0,13,771847,8,105,594,21,0,2024
,20042.0,,19583,0,13,782843,12,105,593,21,0,2023
,20050.0,,19361,0,13,773335,9,105,594,21,0,2024
71121.0,20048.0,12752.0,19297,0,13,772642,1,105,593,21,0,2025
,20048.0,,19286,0,13,770710,5,105,593,21,0,2024
,20089.0,,19781,0,13,777857,7,105,593,21,0,2023
,20047.0,,19348,0,13,765089,10,105,594,21,0,2024
,20044.0,,19389,0,13,770819,2,105,593,21,0,2024
,20044.0,,19377,0,13,766749,3,105,593,21,0,2024
,20048.0,12874.0,19325,0,13,767771,11,105,594,21,0,2024
,119481.0,98417.0,104363,0,23,8670592,12,576,5056,38,0,2024
,122905.0,,114073,0,23,8855910,2,576,5141,38,0,2023
,122862.0,,113041,0,23,8912810,3,576,5144,38,0,2023
,119481.0,,106697,0,23,8750276,1,576,5048,38,0,2024
0.0,119481.0,97425.0,104546,0,23,8588555,2,576,5060,38,0,2025
,119481.0,,104919,0,23,8710855,6,576,5051,38,0,2024
,122892.0,,112600,0,23,8901879,4,576,5019,38,0,2023
,122362.0,,108850,0,23,8827032,10,576,5035,38,0,2023
,122436.0,,108932,0,23,8847415,8,576,5028,38,0,2023
,122394.0,,108827,0,23,8868599,9,576,5028,38,0,2023
,119451.0,,107999,0,23,8855518,11,576,5043,38,0,2023
,122465.0,,110103,0,23,8851972,5,576,5026,38,0,2023
,119481.0,,104854,0,23,8729116,7,576,5051,38,0,2024
0.0,119481.0,97198.0,104490,0,23,8588020,3,576,5061,38,0,2025
,122442.0,,109454,0,23,8834773,6,576,5027,38,0,2023
,119481.0,,105248,0,23,8680045,4,576,5053,38,0,2024
,119481.0,,104780,0,23,8720046,8,576,5051,38,0,2024
,119450.0,,108077,0,23,8848951,12,576,5044,38,0,2023
,119481.0,,104802,0,23,8704647,9,576,5052,38,0,2024
0.0,119481.0,97910.0,104439,0,23,8558018,1,576,5056,38,0,2025
,119481.0,,105003,0,23,8698829,5,576,5053,38,0,2024
,122439.0,,109493,0,23,8840632,7,576,5027,38,0,2023
,119481.0,,104771,0,23,8626799,10,576,5055,38,0,2024
,119481.0,,105600,0,23,8721313,2,576,5051,38,0,2024
,119481.0,,105460,0,23,8691556,3,576,5052,38,0,2024
,119481.0,98404.0,104632,0,23,8675915,11,576,5056,38,0,2024
,27313.0,23674.0,25763,0,23,1622414,12,155,1042,36,0,2024
,27328.0,,25786,0,22,1046056,2,158,1031,36,0,2023
,27318.0,,25680,0,22,1070143,3,158,1031,36,0,2023
,27313.0,,26578,0,23,1503873,1,155,1041,36,0,2024
34055.0,27313.0,23424.0,25619,0,23,1621845,2,155,1042,36,0,2025
,27314.0,,26127,0,23,1567634,6,155,1043,36,0,2024
,27322.0,,26082,0,22,1240397,4,158,1030,36,0,2023
,27312.0,,26258,0,22,1365446,10,155,1043,36,0,2023
,27311.0,,25898,0,22,1307785,8,155,1034,36,0,2023
,27311.0,,26026,0,22,1330319,9,155,1035,36,0,2023
,27313.0,,26582,0,22,1435673,11,155,1041,36,0,2023
,27308.0,,26128,0,22,1267842,5,158,1036,36,0,2023
,27314.0,,26002,0,23,1600805,7,155,1040,36,0,2024
34604.0,27313.0,23406.0,25563,0,23,1629401,3,155,1042,36,0,2025
,27314.0,,26135,0,22,1251737,6,158,1036,36,0,2023
,27314.0,,26270,0,23,1565290,4,155,1044,36,0,2024
,27313.0,,25965,0,23,1616929,8,155,1042,36,0,2024
,27313.0,,26588,0,22,1487276,12,155,1041,36,0,2023
,27314.0,,25916,0,23,1625025,9,155,1042,36,0,2024
33672.0,27313.0,23494.0,25657,0,23,1617568,1,155,1042,36,0,2025
,27314.0,,26188,0,23,1576897,5,155,1043,36,0,2024
,27312.0,,26148,0,22,1282932,7,158,1037,36,0,2023
,27314.0,,25894,0,23,1616144,10,155,1043,36,0,2024
,27313.0,,26430,0,23,1520336,2,155,1041,36,0,2024
,27314.0,,26341,0,23,1542245,3,155,1041,36,0,2024
,27313.0,23752.0,25846,0,23,1625731,11,155,1042,36,0,2024
,1261.0,1194.0,1205,0,2,57324,12,12,57,31,0,2024
,1262.0,,1242,0,2,72942,2,12,56,31,0,2023
,1262.0,,1240,0,2,71351,3,12,56,31,0,2023
,1261.0,,1236,0,2,66298,1,12,57,31,0,2024
0.0,1261.0,1202.0,1216,0,2,57835,2,12,57,31,0,2025
,1261.0,,1211,0,2,57683,6,12,57,31,0,2024
,1262.0,,1232,0,2,70400,4,12,56,31,0,2023
,1261.0,,1225,0,2,67619,10,12,57,31,0,2023
,1261.0,,1229,0,2,68211,8,12,56,31,0,2023
,1261.0,,1228,0,2,67768,9,12,56,31,0,2023
,1261.0,,1237,0,2,66992,11,12,57,31,0,2023
,1262.0,,1231,0,2,68301,5,12,56,31,0,2023
,1261.0,,1209,0,2,57586,7,12,57,31,0,2024
0.0,1261.0,1208.0,1222,0,2,57637,3,12,57,31,0,2025
,1262.0,,1236,0,2,65716,6,12,56,31,0,2023
,1261.0,,1215,0,2,65758,4,12,57,31,0,2024
,1261.0,,1209,0,2,57697,8,12,57,31,0,2024
,1261.0,,1237,0,2,66587,12,12,57,31,0,2023
,1261.0,,1209,0,2,57297,9,12,57,31,0,2024
0.0,1261.0,1190.0,1206,0,2,57813,1,12,57,31,0,2025
,1261.0,,1212,0,2,62305,5,12,57,31,0,2024
,1260.0,,1239,0,2,65791,7,12,56,31,0,2023
,1261.0,,1206,0,2,57194,10,12,57,31,0,2024
,1261.0,,1220,0,2,66766,2,12,57,31,0,2024
,1261.0,,1216,0,2,66431,3,12,57,31,0,2024
,1261.0,1195.0,1204,0,2,57527,11,12,57,31,0,2024
,6084.0,5083.0,5979,0,12,360363,12,41,222,30,0,2024
,5896.0,,5820,0,11,440567,2,41,213,30,0,2023
,5896.0,,5864,0,11,437793,3,41,213,30,0,2023
,5897.0,,5895,0,11,415484,1,41,222,30,0,2024
39875.0,6145.0,5539.0,6111,0,12,351078,2,41,222,30,0,2025
,5897.0,,5894,0,12,389468,6,41,222,30,0,2024
,5896.0,,5875,0,11,433379,4,41,214,30,0,2023
,5897.0,,5879,0,11,436342,10,41,222,30,0,2023
,5896.0,,5878,0,11,449695,8,41,220,30,0,2023
,5896.0,,5879,0,11,443865,9,41,222,30,0,2023
,5897.0,,5895,0,11,431485,11,41,222,30,0,2023
,5896.0,,5895,0,11,437694,5,41,214,30,0,2023
,5897.0,,5894,0,12,385707,7,41,222,30,0,2024
44528.0,6161.0,6062.0,6138,0,12,395576,3,41,222,30,0,2025
,5896.0,,5895,0,11,452743,6,41,214,30,0,2023
,5897.0,,5894,0,12,396160,4,41,222,30,0,2024
,5908.0,,5894,0,12,381368,8,41,222,30,0,2024
,5897.0,,5895,0,11,424207,12,41,222,30,0,2023
,6001.0,,5913,0,12,377078,9,41,222,30,0,2024
40754.0,6139.0,5221.0,6040,0,12,354140,1,41,222,30,0,2025
,5897.0,,5894,0,12,392098,5,41,222,30,0,2024
,5896.0,,5895,0,11,453847,7,41,215,30,0,2023
,6050.0,,5954,0,12,370455,10,41,222,30,0,2024
,5897.0,,5894,0,12,408194,2,41,222,30,0,2024
,5897.0,,5894,0,12,401372,3,41,222,30,0,2024
,6082.0,5053.0,5978,0,12,367224,11,41,222,30,0,2024
,1172.0,1159.0,1168,0,2,18697,12,13,51,37,0,2024
,1143.0,,1140,0,2,19349,2,13,51,37,0,2023
,1143.0,,1137,0,2,19213,3,13,51,37,0,2023
,1149.0,,1144,0,2,18542,1,13,51,37,0,2024
0.0,1172.0,1156.0,1165,0,2,19133,2,13,51,37,0,2025
,1150.0,,1139,0,2,18481,6,13,51,37,0,2024
,1143.0,,1137,0,2,18802,4,13,51,37,0,2023
,1146.0,,1140,0,2,18500,10,13,51,37,0,2023
,1145.0,,1141,0,2,18354,8,13,51,37,0,2023
,1145.0,,1139,0,2,18567,9,13,51,37,0,2023
,1148.0,,1142,0,2,18537,11,13,51,37,0,2023
,1144.0,,1139,0,2,18514,5,13,51,37,0,2023
,1156.0,,1143,0,2,18261,7,13,51,37,0,2024
0.0,1172.0,1156.0,1167,0,2,19194,3,13,51,37,0,2025
,1144.0,,1139,0,2,18411,6,13,51,37,0,2023
,1149.0,,1143,0,2,18632,4,13,51,37,0,2024
,1164.0,,1155,0,2,18184,8,13,51,37,0,2024
,1149.0,,1144,0,2,18548,12,13,51,37,0,2023
,1171.0,,1166,0,2,18326,9,13,51,37,0,2024
0.0,1172.0,1158.0,1165,0,2,18743,1,13,51,37,0,2025
,1150.0,,1141,0,2,18548,5,13,51,37,0,2024
,1144.0,,1139,0,2,18270,7,13,51,37,0,2023
,1172.0,,1169,0,2,18290,10,13,51,37,0,2024
,1149.0,,1147,0,2,18618,2,13,51,37,0,2024
,1149.0,,1143,0,2,18593,3,13,51,37,0,2024
,1172.0,1157.0,1169,0,2,18660,11,13,51,37,0,2024
,189140.0,123879.0,177563,0,75,21923958,12,896,7264,24,0,2024
,188885.0,,185594,0,75,21175664,2,896,7084,24,0,2023
,189018.0,,184623,0,75,21555832,3,896,7084,24,0,2023
,189144.0,,182356,0,75,22200746,1,900,7110,24,0,2024
175366.0,189133.0,123304.0,176890,0,75,21922154,2,896,7270,24,0,2025
,189147.0,,180322,0,75,22338132,6,896,7119,24,0,2024
,189013.0,,184445,0,75,21584148,4,896,7084,24,0,2023
,189070.0,,183140,0,75,22083227,10,897,7107,24,0,2023
,189044.0,,183543,0,75,21704046,8,897,7104,24,0,2023
,189036.0,,183348,0,75,22039834,9,897,7104,24,0,2023
,189044.0,,183137,0,75,21859926,11,897,7110,24,0,2023
,189024.0,,184309,0,75,21470835,5,896,7092,24,0,2023
,189147.0,,179392,0,75,22268376,7,896,7123,24,0,2024
172236.0,189132.0,123277.0,176896,0,75,22096712,3,896,7277,24,0,2025
,189024.0,,184174,0,75,21642251,6,896,7099,24,0,2023
,189149.0,,181131,0,75,22201589,4,900,7113,24,0,2024
,189154.0,,178876,0,75,22174636,8,896,7126,24,0,2024
,189147.0,,182741,0,75,22153136,12,898,7110,24,0,2023
,189159.0,,178787,0,75,22440854,9,896,7251,24,0,2024
177844.0,189133.0,123424.0,177006,0,75,21748719,1,896,7269,24,0,2025
,189143.0,,180452,0,75,22206084,5,896,7113,24,0,2024
,189045.0,,184054,0,75,21718597,7,896,7102,24,0,2023
,189140.0,,178706,0,75,22233550,10,896,7258,24,0,2024
,189111.0,,181565,0,75,22157613,2,900,7113,24,0,2024
,189154.0,,181311,0,75,22259633,3,900,7113,24,0,2024
,189128.0,124764.0,178537,0,75,22132125,11,896,7264,24,0,2024
,97329.0,81203.0,95634,0,55,7312770,12,453,3492,23,0,2024
,97163.0,,96444,0,52,6953120,2,456,3505,23,0,2023
,97136.0,,96235,0,52,6821874,3,456,3505,23,0,2023
,97322.0,,96323,0,52,7627138,1,453,3490,23,0,2024
136523.0,97329.0,81083.0,95594,0,55,7356019,2,453,3492,23,0,2025
,97330.0,,95868,0,55,7529760,6,453,3490,23,0,2024
,97140.0,,96240,0,52,6804247,4,453,3483,23,0,2023
,97135.0,,95883,0,52,7579121,10,453,3490,23,0,2023
,97136.0,,95854,0,52,7659562,8,453,3487,23,0,2023
,97136.0,,95858,0,52,7572577,9,453,3487,23,0,2023
,97135.0,,96296,0,52,7586738,11,453,3490,23,0,2023
,97137.0,,96143,0,52,7597802,5,454,3483,23,0,2023
,97330.0,,95807,0,55,7503133,7,453,3490,23,0,2024
136125.0,97329.0,81027.0,95557,0,55,7406946,3,453,3492,23,0,2025
,97135.0,,96099,0,52,7693989,6,453,3486,23,0,2023
,97330.0,,95402,0,55,7485427,4,453,3490,23,0,2024
,97330.0,,95784,0,55,7442589,8,453,3492,23,0,2024
,97135.0,,96288,0,52,7663356,12,453,3490,23,0,2023
,97330.0,,95749,0,55,7411386,9,453,3492,23,0,2024
135660.0,97329.0,81123.0,95636,0,55,7268316,1,453,3492,23,0,2025
,97330.0,,95745,0,55,7535552,5,453,3490,23,0,2024
,97135.0,,96244,0,52,7716417,7,453,3487,23,0,2023
,97330.0,,95764,0,55,7319531,10,453,3492,23,0,2024
,97330.0,,95623,0,55,7599716,2,453,3490,23,0,2024
,97330.0,,95433,0,55,7508903,3,453,3490,23,0,2024
,97329.0,81401.0,95716,0,55,7345451,11,453,3492,23,0,2024
,25964.0,20819.0,23570,0,22,1941113,12,149,1024,4,0,2024
,25961.0,,24769,0,22,2033932,2,148,1025,4,0,2023
,25962.0,,24601,0,22,2043828,3,148,1025,4,0,2023
,25964.0,,24306,0,22,1955686,1,149,1031,4,0,2024
12716.0,25962.0,20724.0,23498,0,22,1956472,2,149,1025,4,0,2025
,25962.0,,23848,0,22,1994262,6,149,1022,4,0,2024
,25962.0,,24564,0,22,2048226,4,148,1025,4,0,2023
,25963.0,,24364,0,22,1977296,10,149,1027,4,0,2023
,25963.0,,24438,0,22,1996821,8,149,1026,4,0,2023
,25963.0,,24411,0,22,1978193,9,149,1027,4,0,2023
,25963.0,,24373,0,22,1965972,11,149,1027,4,0,2023
,25959.0,,24522,0,22,2039308,5,148,1025,4,0,2023
,25962.0,,23801,0,22,1985754,7,149,1022,4,0,2024
12864.0,25962.0,20726.0,23452,0,22,1972270,3,149,1025,4,0,2025
,25963.0,,24512,0,22,2027008,6,148,1025,4,0,2023
,25960.0,,23902,0,22,1965435,4,149,1026,4,0,2024
,25962.0,,23748,0,22,1966523,8,149,1022,4,0,2024
,25963.0,,24328,0,22,1962191,12,149,1027,4,0,2023
,25962.0,,23711,0,22,1956898,9,149,1022,4,0,2024
12643.0,25963.0,20752.0,23541,0,22,1931062,1,149,1025,4,0,2025
,25962.0,,23863,0,22,1992270,5,149,1022,4,0,2024
,25963.0,,24510,0,22,2017923,7,149,1026,4,0,2023
,25963.0,,23665,0,22,1927182,10,149,1022,4,0,2024
,25963.0,,24030,0,22,1953845,2,149,1026,4,0,2024
,25964.0,,23949,0,22,1941158,3,149,1026,4,0,2024
,25962.0,20826.0,23629,0,22,1938136,11,149,1023,4,0,2024
,61924.0,53736.0,60945,0,50,4223483,12,304,2206,15,0,2024
,61855.0,,61688,0,33,4774286,2,304,2202,15,0,2023
,61854.0,,61385,0,33,4761179,3,304,2202,15,0,2023
,61911.0,,61309,0,33,4469784,1,306,2207,15,0,2024
40468.0,61952.0,54736.0,60991,0,41,4251953,2,304,2206,15,0,2025
,61898.0,,60764,0,33,4410098,6,304,2206,15,0,2024
,61858.0,,61376,0,33,4805884,4,304,2202,15,0,2023
,61869.0,,61138,0,33,4574693,10,306,2206,15,0,2023
,61870.0,,61143,0,33,4610505,8,304,2203,15,0,2023
,61870.0,,61136,0,33,4585273,9,304,2203,15,0,2023
,61869.0,,61308,0,33,4522284,11,306,2206,15,0,2023
,61870.0,,61371,0,33,4778221,5,304,2202,15,0,2023
,61899.0,,60756,0,50,4368714,7,304,2206,15,0,2024
39403.0,61960.0,54889.0,61007,0,41,4248105,3,365,2207,15,0,2025
,61873.0,,61351,0,33,4729610,6,304,2203,15,0,2023
,61897.0,,60891,0,33,4398752,4,304,2207,15,0,2024
,61901.0,,60780,0,50,4333726,8,304,2206,15,0,2024
,61873.0,,61305,0,33,4496612,12,306,2206,15,0,2023
,61903.0,,60802,0,50,4324569,9,304,2206,15,0,2024
40207.0,61942.0,54359.0,60981,0,50,4217286,1,304,2206,15,0,2025
,61893.0,,60774,0,33,4414108,5,304,2206,15,0,2024
,61874.0,,61331,0,33,4636094,7,304,2203,15,0,2023
,61906.0,,60836,0,50,4251405,10,304,2206,15,0,2024
,61901.0,,61093,0,33,4461676,2,306,2207,15,0,2024
,61902.0,,61040,0,33,4441966,3,304,2207,15,0,2024
,61908.0,52874.0,60881,0,50,4251979,11,304,2206,15,0,2024
,38515.0,34624.0,37764,0,24,3111694,12,224,1355,3,0,2024
,38434.0,,38280,0,24,3626231,2,234,1361,3,0,2023
,38435.0,,38072,0,24,3630978,3,234,1361,3,0,2023
,38424.0,,37979,0,24,3324600,1,224,1351,3,0,2024
234642.0,38521.0,34867.0,37862,0,24,3100221,2,224,1356,3,0,2025
,38424.0,,37497,0,24,3191760,6,224,1353,3,0,2024
,38440.0,,38076,0,24,3642759,4,224,1351,3,0,2023
,38430.0,,37946,0,24,3427023,10,224,1348,3,0,2023
,38430.0,,37956,0,24,3507591,8,224,1347,3,0,2023
,38431.0,,37940,0,24,3491913,9,224,1348,3,0,2023
,38425.0,,37986,0,24,3391166,11,224,1348,3,0,2023
,38423.0,,38011,0,24,3624236,5,224,1358,3,0,2023
,38424.0,,37503,0,24,3172520,7,224,1353,3,0,2024
228501.0,38518.0,35153.0,37897,0,24,3098002,3,224,1356,3,0,2025
,38431.0,,37980,0,24,3578853,6,224,1346,3,0,2023
,38424.0,,37580,0,24,3212871,4,224,1352,3,0,2024
,38452.0,,37528,0,24,3147586,8,224,1353,3,0,2024
,38425.0,,37982,0,24,3360044,12,224,1348,3,0,2023
,38468.0,,37551,0,24,3148332,9,224,1353,3,0,2024
238132.0,38515.0,34638.0,37797,0,24,3094573,1,224,1355,3,0,2025
,38424.0,,37500,0,24,3192926,5,224,1353,3,0,2024
,38430.0,,37993,0,24,3537167,7,224,1346,3,0,2023
,38515.0,,37618,0,24,3094804,10,224,1354,3,0,2024
,38423.0,,37645,0,24,3292750,2,224,1352,3,0,2024
,38423.0,,37584,0,24,3256085,3,224,1352,3,0,2024
,38515.0,34345.0,37626,0,24,3099245,11,224,1355,3,0,2024
,855.0,709.0,789,0,4,36004,12,7,33,12,0,2024
,855.0,,824,0,4,40552,2,7,30,12,0,2023
,855.0,,817,0,4,40708,3,7,30,12,0,2023
,855.0,,800,0,4,37185,1,7,30,12,0,2024
0.0,855.0,707.0,768,0,4,36400,2,7,33,12,0,2025
,855.0,,783,0,4,36344,6,7,32,12,0,2024
,855.0,,816,0,4,41404,4,7,30,12,0,2023
,855.0,,798,0,4,35367,10,7,30,12,0,2023
,855.0,,801,0,4,38946,8,7,30,12,0,2023
,855.0,,800,0,4,39122,9,7,30,12,0,2023
,855.0,,804,0,4,36591,11,7,30,12,0,2023
,855.0,,810,0,4,42006,5,7,30,12,0,2023
,855.0,,783,0,4,35957,7,7,32,12,0,2024
0.0,855.0,704.0,741,0,4,37200,3,7,33,12,0,2025
,855.0,,807,0,4,40671,6,7,30,12,0,2023
,855.0,,790,0,4,38020,4,7,31,12,0,2024
,855.0,,783,0,4,36164,8,7,32,12,0,2024
,855.0,,802,0,4,36939,12,7,30,12,0,2023
,855.0,,788,0,4,36262,9,7,33,12,0,2024
0.0,855.0,709.0,789,0,4,35994,1,7,33,12,0,2025
,855.0,,783,0,4,38014,5,7,31,12,0,2024
,855.0,,807,0,4,39944,7,7,30,12,0,2023
,855.0,,788,0,4,35843,10,7,33,12,0,2024
,855.0,,797,0,4,37681,2,7,30,12,0,2024
,855.0,,791,0,4,37728,3,7,31,12,0,2024
,855.0,710.0,788,0,4,35794,11,7,33,12,0,2024
,10900.0,10655.0,10578,0,11,662577,12,96,419,2,0,2024
,10899.0,,10425,0,11,718162,2,96,418,2,0,2023
,10898.0,,10366,0,12,711403,3,96,418,2,0,2023
,10898.0,,10487,0,11,706666,1,96,420,2,0,2024
0.0,10900.0,10717.0,10645,0,11,651610,2,96,420,2,0,2025
,10898.0,,10408,0,11,688836,6,96,419,2,0,2024
,10898.0,,10360,0,12,695320,4,96,418,2,0,2023
,10908.0,,10470,0,11,685615,10,96,420,2,0,2023
,10907.0,,10406,0,12,685211,8,98,422,2,0,2023
,10908.0,,10459,0,12,685752,9,98,422,2,0,2023
,10908.0,,10502,0,12,691234,11,98,422,2,0,2023
,10899.0,,10411,0,12,686438,5,96,419,2,0,2023
,10898.0,,10471,0,11,683093,7,96,419,2,0,2024
0.0,10897.0,10728.0,10645,0,11,641790,3,96,420,2,0,2025
,10899.0,,10431,0,12,690801,6,97,420,2,0,2023
,10898.0,,10413,0,11,697390,4,96,420,2,0,2024
,10898.0,,10534,0,11,682823,8,96,419,2,0,2024
,10909.0,,10498,0,11,698015,12,96,420,2,0,2023
,10898.0,,10554,0,11,671620,9,96,419,2,0,2024
0.0,10900.0,10714.0,10628,0,11,659651,1,96,419,2,0,2025
,10898.0,,10390,0,11,693338,5,96,419,2,0,2024
,10911.0,,10445,0,12,686430,7,98,422,2,0,2023
,10898.0,,10583,0,11,673386,10,96,419,2,0,2024
,10898.0,,10407,0,11,704609,2,96,420,2,0,2024
,10898.0,,10417,0,11,703630,3,96,420,2,0,2024
,10899.0,10639.0,10588,0,11,670210,11,96,419,2,0,2024
,1308.0,1298.0,1307,0,6,32348,12,13,58,13,0,2024
,1308.0,,1287,0,6,35893,2,15,58,13,0,2023
,1308.0,,1286,0,6,35696,3,15,58,13,0,2023
,1308.0,,1308,0,6,34332,1,13,58,13,0,2024
7305.0,1308.0,1298.0,1307,0,6,32090,2,13,58,13,0,2025
,1308.0,,1308,0,6,33653,6,13,58,13,0,2024
,1308.0,,1308,0,6,36585,4,15,58,13,0,2023
,1308.0,,1307,0,6,34866,10,13,58,13,0,2023
,1308.0,,1307,0,6,35708,8,15,58,13,0,2023
,1308.0,,1307,0,6,35405,9,15,58,13,0,2023
,1308.0,,1308,0,6,34929,11,13,58,13,0,2023
,1308.0,,1308,0,6,36495,5,15,58,13,0,2023
,1308.0,,1308,0,6,33620,7,13,58,13,0,2024
7295.0,1308.0,1298.0,1307,0,6,32247,3,13,58,13,0,2025
,1308.0,,1308,0,6,36237,6,15,58,13,0,2023
,1308.0,,1308,0,6,33823,4,13,58,13,0,2024
,1308.0,,1308,0,6,33381,8,13,58,13,0,2024
,1308.0,,1308,0,6,34609,12,13,58,13,0,2023
,1308.0,,1308,0,6,33032,9,13,58,13,0,2024
7504.0,1308.0,1298.0,1307,0,6,32057,1,13,58,13,0,2025
,1308.0,,1308,0,6,33872,5,13,58,13,0,2024
,1308.0,,1307,0,6,36013,7,15,58,13,0,2023
,1308.0,,1308,0,6,32571,10,13,58,13,0,2024
,1308.0,,1308,0,6,34094,2,13,58,13,0,2024
,1308.0,,1308,0,6,33624,3,13,58,13,0,2024
,1308.0,1299.0,1308,0,6,32652,11,13,58,13,0,2024
,59.0,56.0,58,0,1,4657,12,9,9,5,0,2024
,73.0,,70,0,1,6437,2,9,9,5,0,2023
,73.0,,70,0,1,6279,3,9,9,5,0,2023
,62.0,,59,0,1,5013,1,9,9,5,0,2024
0.0,59.0,56.0,59,0,1,4690,2,9,9,5,0,2025
,59.0,,58,0,1,4514,6,9,9,5,0,2024
,73.0,,70,0,1,6259,4,9,9,5,0,2023
,61.0,,59,0,1,4742,10,9,9,5,0,2023
,60.0,,59,0,1,4757,8,9,9,5,0,2023
,61.0,,59,0,1,4761,9,9,9,5,0,2023
,62.0,,60,0,1,4882,11,9,9,5,0,2023
,73.0,,70,0,1,6147,5,9,9,5,0,2023
,59.0,,58,0,1,4449,7,9,9,5,0,2024
0.0,59.0,56.0,59,0,1,4724,3,9,9,5,0,2025
,90.0,,62,0,1,5525,6,9,9,5,0,2023
,59.0,,58,0,1,4987,4,9,9,5,0,2024
,59.0,,58,0,1,4487,8,9,9,5,0,2024
,62.0,,60,0,1,4972,12,9,9,5,0,2023
,59.0,,58,0,1,4492,9,9,9,5,0,2024
0.0,59.0,56.0,59,0,1,4659,1,9,9,5,0,2025
,59.0,,58,0,1,5059,5,9,9,5,0,2024
,59.0,,59,0,1,4735,7,9,9,5,0,2023
,59.0,,58,0,1,4598,10,9,9,5,0,2024
,66.0,,48,0,1,5314,2,9,9,5,0,2024
,65.0,,48,0,1,5343,3,9,9,5,0,2024
,59.0,56.0,58,0,1,4579,11,9,9,5,0,2024
,6233.0,5267.0,6163,0,25,87726,12,98,310,14,0,2024
,5960.0,,4794,0,25,55991,2,104,233,14,0,2023
,5968.0,,4791,0,25,61138,3,105,235,14,0,2023
,5761.0,,5249,0,25,83851,1,98,295,14,0,2024
15613.0,6233.0,5285.0,6180,0,25,89147,2,98,310,14,0,2025
,6070.0,,5816,0,25,82726,6,98,301,14,0,2024
,5956.0,,4792,0,25,62767,4,105,235,14,0,2023
,5717.0,,4843,0,25,82660,10,98,289,14,0,2023
,5714.0,,4840,0,25,81279,8,98,287,14,0,2023
,5715.0,,4841,0,25,81817,9,98,287,14,0,2023
,5714.0,,5128,0,25,83795,11,98,291,14,0,2023
,5952.0,,4836,0,25,68374,5,105,236,14,0,2023
,6134.0,,5962,0,25,85428,7,98,305,14,0,2024
15604.0,6233.0,5300.0,6178,0,25,89264,3,98,310,14,0,2025
,5642.0,,4774,0,25,74248,6,98,287,14,0,2023
,5924.0,,5478,0,25,82232,4,98,299,14,0,2024
,6149.0,,5994,0,25,86752,8,98,307,14,0,2024
,5774.0,,5209,0,25,84364,12,98,295,14,0,2023
,6187.0,,6059,0,25,87482,9,98,307,14,0,2024
15712.0,6233.0,5268.0,6163,0,25,88563,1,98,310,14,0,2025
,6066.0,,5748,0,25,82399,5,98,301,14,0,2024
,5694.0,,4827,0,25,78595,7,98,287,14,0,2023
,6174.0,,6065,0,25,86650,10,98,309,14,0,2024
,5838.0,,5313,0,25,84150,2,98,295,14,0,2024
,5871.0,,5379,0,25,83240,3,98,298,14,0,2024
,6198.0,5208.0,6083,0,25,86487,11,98,310,14,0,2024
,115017.0,96501.0,110808,0,38,10543124,12,545,3977,22,0,2024
,114937.0,,112923,0,38,10044055,2,545,4408,22,0,2023
,114937.0,,112452,0,38,9971071,3,545,4408,22,0,2023
,114973.0,,112538,0,38,10117768,1,544,4414,22,0,2024
240386.0,114995.0,95996.0,110603,0,38,10536758,2,544,3982,22,0,2025
,114969.0,,111840,0,38,10718720,6,544,4421,22,0,2024
,114926.0,,112531,0,38,9996270,4,544,4392,22,0,2023
,115043.0,,112293,0,38,10551212,10,544,4414,22,0,2023
,114985.0,,112287,0,38,10801017,8,544,4413,22,0,2023
,114988.0,,112299,0,38,10849471,9,544,4413,22,0,2023
,114965.0,,112567,0,38,10306792,11,544,4414,22,0,2023
,114909.0,,112470,0,38,10139382,5,544,4401,22,0,2023
,114949.0,,111726,0,38,10729693,7,544,3924,22,0,2024
249926.0,115010.0,95746.0,110482,0,38,10606179,3,544,3983,22,0,2025
,114989.0,,112510,0,38,10603620,6,544,4401,22,0,2023
,114985.0,,112034,0,38,10339399,4,544,4418,22,0,2024
,114916.0,,111420,0,38,10707018,8,544,3931,22,0,2024
,114977.0,,112551,0,38,10360080,12,544,4414,22,0,2023
,114935.0,,111199,0,38,10598254,9,544,3962,22,0,2024
229332.0,114983.0,96120.0,110654,0,38,10526727,1,544,3982,22,0,2025
,114979.0,,111933,0,38,10693111,5,544,4418,22,0,2024
,114989.0,,112546,0,38,10703789,7,544,4402,22,0,2023
,114968.0,,111083,0,38,10391007,10,544,3963,22,0,2024
,114959.0,,112224,0,38,10028503,2,544,4414,22,0,2024
,114983.0,,112153,0,38,10021006,3,544,4418,22,0,2024
,115000.0,97167.0,110981,0,38,10431232,11,545,3968,22,0,2024
,10210.0,9947.0,10107,0,8,317677,12,56,439,25,0,2024
,9910.0,,9889,0,8,353507,2,57,433,25,0,2023
,9918.0,,9887,0,8,352561,3,57,433,25,0,2023
,10146.0,,10130,0,8,341545,1,56,437,25,0,2024
33072.0,10212.0,10009.0,10109,0,8,316646,2,56,438,25,0,2025
,10146.0,,10093,0,8,331294,6,56,439,25,0,2024
,9916.0,,9887,0,8,352053,4,57,433,25,0,2023
,10146.0,,10064,0,8,345903,10,56,436,25,0,2023
,10146.0,,10061,0,8,351075,8,56,435,25,0,2023
,10146.0,,10060,0,8,349253,9,56,435,25,0,2023
,10146.0,,10130,0,8,346075,11,56,437,25,0,2023
,10023.0,,9913,0,8,351813,5,57,435,25,0,2023
,10146.0,,10086,0,8,330151,7,56,439,25,0,2024
33585.0,10212.0,10015.0,10115,0,8,319873,3,56,438,25,0,2025
,10146.0,,10105,0,8,351838,6,56,434,25,0,2023
,10145.0,,10099,0,8,331980,4,56,439,25,0,2024
,10146.0,,10078,0,8,326195,8,56,439,25,0,2024
,10146.0,,10131,0,8,344692,12,56,437,25,0,2023
,10147.0,,10080,0,8,324608,9,56,439,25,0,2024
33546.0,10212.0,9993.0,10107,0,8,315917,1,56,438,25,0,2025
,10146.0,,10097,0,8,331182,5,56,439,25,0,2024
,10146.0,,10110,0,8,352327,7,56,434,25,0,2023
,10181.0,,10096,0,8,319089,10,56,439,25,0,2024
,10146.0,,10106,0,8,339628,2,56,438,25,0,2024
,10145.0,,10100,0,8,336151,3,56,439,25,0,2024
,10206.0,9946.0,10100,0,8,319546,11,56,439,25,0,2024
